"Onderwerp";"Regio's";"";"2010";"2011";"2012";"2013";"2014";"2015";"2016";"2017";"2018"
"Bevolking aan het begin van de periode";"Aa en Hunze";"aantal";"25563";"25785";"25738";"25541";"25357";"25203";"25243";"25286";"25390"
"Bevolking aan het begin van de periode";"Aalburg";"aantal";"12614";"12685";"12749";"12774";"12846";"12922";"13038";"13067";"13153"
"Bevolking aan het begin van de periode";"Aalsmeer";"aantal";"29187";"30189";"30364";"30618";"30759";"31077";"31299";"31373";"31499"
"Bevolking aan het begin van de periode";"Aalten";"aantal";"27500";"27439";"27305";"27082";"27013";"26904";"26912";"27047";"26962"
"Bevolking aan het begin van de periode";"Ter Aar";"aantal";"";"";"";"";"";"";"";"";""
"Bevolking aan het begin van de periode";"Abcoude";"aantal";"8764";"";"";"";"";"";"";"";""
"Bevolking aan het begin van de periode";"Achtkarspelen";"aantal";"28088";"28123";"28091";"28110";"28016";"27983";"28007";"27893";"27935"
"Bevolking aan het begin van de periode";"Alblasserdam";"aantal";"19014";"19208";"19467";"19643";"19801";"19845";"19955";"20008";"20014"
"Bevolking aan het begin van de periode";"Albrandswaard";"aantal";"24191";"24674";"25003";"25101";"25069";"25148";"24985";"25105";"25218"
"Bevolking aan het begin van de periode";"Alkemade";"aantal";"";"";"";"";"";"";"";"";""
"Bevolking aan het begin van de periode";"Alkmaar";"aantal";"93861";"93936";"94269";"94505";"94866";"107106";"107615";"108373";"108470"
"Bevolking aan het begin van de periode";"Almelo";"aantal";"72602";"72599";"72757";"72729";"72459";"72291";"72425";"72479";"72629"
"Bevolking aan het begin van de periode";"Almere";"aantal";"188160";"190655";"193163";"195213";"196013";"196932";"198145";"200914";"203990"
"Bevolking aan het begin van de periode";"Alphen aan den Rijn";"aantal";"72534";"72680";"72853";"72913";"106785";"107396";"107960";"108915";"109682"
"Bevolking aan het begin van de periode";"Alphen-Chaam";"aantal";"9436";"9466";"9525";"9640";"9717";"9753";"9924";"10058";"10083"
"Bevolking aan het begin van de periode";"Altena";"aantal";"";"";"";"";"";"";"";"";""
"Bevolking aan het begin van de periode";"Ambt Montfort";"aantal";"";"";"";"";"";"";"";"";""
"Bevolking aan het begin van de periode";"Ameland";"aantal";"3501";"3503";"3526";"3525";"3578";"3590";"3611";"3633";"3654"
"Bevolking aan het begin van de periode";"Amerongen";"aantal";"";"";"";"";"";"";"";"";""
"Bevolking aan het begin van de periode";"Amersfoort";"aantal";"144862";"146592";"148250";"149662";"150897";"152481";"153602";"154337";"155226"
"Bevolking aan het begin van de periode";"Amstelveen";"aantal";"80695";"81796";"83363";"84379";"85015";"87162";"88602";"89294";"89870"
"Bevolking aan het begin van de periode";"Amsterdam";"aantal";"767457";"779808";"790110";"799278";"810937";"821752";"833624";"844947";"854047"
"Bevolking aan het begin van de periode";"Andijk";"aantal";"6504";"";"";"";"";"";"";"";""
"Bevolking aan het begin van de periode";"Angerlo";"aantal";"";"";"";"";"";"";"";"";""
"Bevolking aan het begin van de periode";"Anna Paulowna";"aantal";"14234";"14260";"";"";"";"";"";"";""
"Bevolking aan het begin van de periode";"Apeldoorn";"aantal";"155726";"156199";"156961";"157315";"157545";"158099";"159025";"160047";"161156"
"Bevolking aan het begin van de periode";"Appingedam";"aantal";"12032";"12090";"12053";"12053";"12064";"12011";"12001";"11971";"11801"
"Bevolking aan het begin van de periode";"Arcen en Velden";"aantal";"";"";"";"";"";"";"";"";""
"Bevolking aan het begin van de periode";"Arnhem";"aantal";"147018";"148070";"149271";"149827";"150823";"152293";"153818";"155699";"157223"
"Bevolking aan het begin van de periode";"Assen";"aantal";"66857";"67177";"67208";"67204";"67190";"67165";"67061";"67551";"67708"
"Bevolking aan het begin van de periode";"Asten";"aantal";"16335";"16296";"16404";"16392";"16440";"16559";"16580";"16714";"16719"
"Bevolking aan het begin van de periode";"Axel";"aantal";"";"";"";"";"";"";"";"";""
"Bevolking aan het begin van de periode";"Baarle-Nassau";"aantal";"6703";"6704";"6722";"6699";"6612";"6599";"6611";"6657";"6799"
"Bevolking aan het begin van de periode";"Baarn";"aantal";"24317";"24379";"24352";"24277";"24314";"24406";"24521";"24529";"24630"
"Bevolking aan het begin van de periode";"Barendrecht";"aantal";"46449";"46831";"47053";"47371";"47377";"47521";"47861";"48344";"48477"
"Bevolking aan het begin van de periode";"Barneveld";"aantal";"52490";"53026";"53521";"53751";"54152";"54703";"55441";"56376";"57339"
"Bevolking aan het begin van de periode";"Bathmen";"aantal";"";"";"";"";"";"";"";"";""
"Bevolking aan het begin van de periode";"Bedum";"aantal";"10447";"10495";"10508";"10553";"10494";"10441";"10433";"10479";"10475"
"Bevolking aan het begin van de periode";"Beek (L.)";"aantal";"16579";"16548";"16457";"16367";"16271";"16214";"16068";"15951";"15895"
"Bevolking aan het begin van de periode";"Beekdaelen";"aantal";"";"";"";"";"";"";"";"";""
"Bevolking aan het begin van de periode";"Beemster";"aantal";"8584";"8573";"8719";"8785";"8910";"8903";"8958";"9205";"9550"
"Bevolking aan het begin van de periode";"Beesel";"aantal";"13902";"13844";"13742";"13688";"13617";"13511";"13388";"13405";"13444"
"Bevolking aan het begin van de periode";"Bellingwedde";"aantal";"9261";"9402";"9283";"8985";"8920";"9154";"8971";"8919";""
"Bevolking aan het begin van de periode";"Bemmel";"aantal";"";"";"";"";"";"";"";"";""
"Bevolking aan het begin van de periode";"Bennebroek";"aantal";"";"";"";"";"";"";"";"";""
"Bevolking aan het begin van de periode";"Berg en Dal";"aantal";"";"";"";"";"";"";"34574";"34764";"34748"
"Bevolking aan het begin van de periode";"Bergambacht";"aantal";"9729";"9801";"9908";"9938";"9970";"";"";"";""
"Bevolking aan het begin van de periode";"Bergeijk";"aantal";"18061";"18073";"18123";"18191";"18256";"18209";"18253";"18342";"18398"
"Bevolking aan het begin van de periode";"Bergen (L.)";"aantal";"13391";"13350";"13286";"13275";"13237";"13152";"13090";"13095";"13106"
"Bevolking aan het begin van de periode";"Bergen (NH.)";"aantal";"30985";"30868";"30682";"30333";"30076";"30005";"29943";"29844";"29941"
"Bevolking aan het begin van de periode";"Bergen op Zoom";"aantal";"65845";"66074";"66130";"66287";"66419";"66320";"66237";"66164";"66354"
"Bevolking aan het begin van de periode";"Bergh";"aantal";"";"";"";"";"";"";"";"";""
"Bevolking aan het begin van de periode";"Bergschenhoek";"aantal";"";"";"";"";"";"";"";"";""
"Bevolking aan het begin van de periode";"Berkel en Rodenrijs";"aantal";"";"";"";"";"";"";"";"";""
"Bevolking aan het begin van de periode";"Berkelland";"aantal";"44978";"44863";"44911";"44769";"44666";"44364";"44437";"44238";"44032"
"Bevolking aan het begin van de periode";"Bernheze";"aantal";"29655";"29728";"29802";"29775";"29690";"29729";"29880";"30252";"30550"
"Bevolking aan het begin van de periode";"Bernisse";"aantal";"12455";"12404";"12426";"12398";"12368";"";"";"";""
"Bevolking aan het begin van de periode";"Best";"aantal";"28953";"28810";"28696";"28637";"28617";"28737";"28976";"29180";"29497"
"Bevolking aan het begin van de periode";"Beuningen";"aantal";"25481";"25507";"25433";"25324";"25288";"25282";"25289";"25424";"25798"
"Bevolking aan het begin van de periode";"Beverwijk";"aantal";"38883";"39329";"39844";"40070";"40093";"40182";"40318";"40709";"41077"
"Bevolking aan het begin van de periode";"het Bildt";"aantal";"10908";"10937";"10798";"10646";"10626";"10592";"10525";"10493";""
"Bevolking aan het begin van de periode";"De Bilt";"aantal";"42017";"42049";"42079";"42032";"42036";"42169";"42375";"42754";"42846"
"Bevolking aan het begin van de periode";"Binnenmaas";"aantal";"28926";"28967";"28962";"28964";"28710";"28656";"28771";"29122";"29098"
"Bevolking aan het begin van de periode";"Bladel";"aantal";"19177";"19386";"19582";"19635";"19834";"19869";"19966";"20063";"20144"
"Bevolking aan het begin van de periode";"Blaricum";"aantal";"8955";"8959";"9038";"9107";"9094";"9312";"9622";"10201";"10795"
"Bevolking aan het begin van de periode";"Bleiswijk";"aantal";"";"";"";"";"";"";"";"";""
"Bevolking aan het begin van de periode";"Bloemendaal";"aantal";"22023";"22039";"22056";"22195";"22059";"22256";"22296";"22826";"23208"
"Bevolking aan het begin van de periode";"Boarnsterhim";"aantal";"19357";"19298";"19380";"19505";"";"";"";"";""
"Bevolking aan het begin van de periode";"Bodegraven";"aantal";"19447";"";"";"";"";"";"";"";""
"Bevolking aan het begin van de periode";"Bodegraven-Reeuwijk";"aantal";"";"32728";"32834";"32817";"32910";"33208";"33451";"33733";"33948"
"Bevolking aan het begin van de periode";"Boekel";"aantal";"9772";"9865";"9967";"10062";"10089";"10119";"10254";"10414";"10502"
"Bevolking aan het begin van de periode";"Ten Boer";"aantal";"7427";"7454";"7477";"7500";"7479";"7452";"7352";"7288";"7292"
"Bevolking aan het begin van de periode";"Bolsward";"aantal";"9905";"";"";"";"";"";"";"";""
"Bevolking aan het begin van de periode";"Borculo";"aantal";"";"";"";"";"";"";"";"";""
"Bevolking aan het begin van de periode";"Borger-Odoorn";"aantal";"26072";"25941";"25859";"25662";"25627";"25502";"25371";"25355";"25351"
"Bevolking aan het begin van de periode";"Borne";"aantal";"21330";"21557";"21586";"21770";"21884";"21992";"22343";"22795";"23124"
"Bevolking aan het begin van de periode";"Borsele";"aantal";"22618";"22707";"22676";"22683";"22579";"22568";"22612";"22688";"22716"
"Bevolking aan het begin van de periode";"Boskoop";"aantal";"15090";"15045";"15087";"15195";"";"";"";"";""
"Bevolking aan het begin van de periode";"Boxmeer";"aantal";"28575";"28582";"28397";"28227";"28147";"28342";"28465";"28709";"28853"
"Bevolking aan het begin van de periode";"Boxtel";"aantal";"30276";"30280";"30284";"30436";"30320";"30337";"30406";"30655";"30672"
"Bevolking aan het begin van de periode";"Breda";"aantal";"173299";"174599";"176401";"178140";"179623";"180937";"181611";"182304";"183448"
"Bevolking aan het begin van de periode";"Breukelen";"aantal";"14614";"";"";"";"";"";"";"";""
"Bevolking aan het begin van de periode";"Brielle";"aantal";"15759";"15978";"16072";"16320";"16312";"16467";"16640";"16833";"17040"
"Bevolking aan het begin van de periode";"Bronckhorst";"aantal";"37751";"37677";"37441";"37216";"36932";"36726";"36510";"36410";"36352"
"Bevolking aan het begin van de periode";"Brummen";"aantal";"21139";"21219";"21327";"21245";"21177";"20983";"20938";"20843";"20771"
"Bevolking aan het begin van de periode";"Brunssum";"aantal";"29448";"29375";"29199";"29081";"28958";"28656";"28448";"28358";"28241"
"Bevolking aan het begin van de periode";"Bunnik";"aantal";"14459";"14437";"14451";"14563";"14626";"14662";"14773";"15156";"15214"
"Bevolking aan het begin van de periode";"Bunschoten";"aantal";"20000";"20111";"20200";"20316";"20492";"20647";"20823";"21020";"21266"
"Bevolking aan het begin van de periode";"Buren";"aantal";"25887";"26013";"25949";"25939";"26019";"26117";"26202";"26348";"26365"
"Bevolking aan het begin van de periode";"Bussum";"aantal";"32112";"32410";"32585";"32631";"32631";"32870";"";"";""
"Bevolking aan het begin van de periode";"Capelle aan den IJssel";"aantal";"65345";"66104";"66122";"66024";"66178";"66478";"66486";"66421";"66854"
"Bevolking aan het begin van de periode";"Castricum";"aantal";"34652";"34593";"34474";"34402";"34288";"34361";"34604";"35216";"35608"
"Bevolking aan het begin van de periode";"Coevorden";"aantal";"36121";"36067";"35881";"35765";"35769";"35535";"35381";"35286";"35299"
"Bevolking aan het begin van de periode";"Cranendonck";"aantal";"20343";"20371";"20432";"20330";"20344";"20542";"20660";"20676";"20336"
"Bevolking aan het begin van de periode";"Cromstrijen";"aantal";"12818";"12789";"12780";"12762";"12738";"12784";"12755";"12797";"12826"
"Bevolking aan het begin van de periode";"Cuijk";"aantal";"24433";"24580";"24648";"24743";"24783";"24649";"24608";"24696";"24911"
"Bevolking aan het begin van de periode";"Culemborg";"aantal";"27501";"27584";"27632";"27681";"27590";"27560";"27644";"27864";"28195"
"Bevolking aan het begin van de periode";"Dalfsen";"aantal";"27259";"27313";"27432";"27570";"27674";"27677";"27916";"28070";"28242"
"Bevolking aan het begin van de periode";"Dantumadeel";"aantal";"";"";"";"";"";"";"";"";""
"Bevolking aan het begin van de periode";"Dantumadiel";"aantal";"19283";"19310";"19264";"19130";"19030";"19059";"19015";"18942";"18904"
"Bevolking aan het begin van de periode";"Delft";"aantal";"96760";"97690";"98675";"99097";"100046";"101030";"101034";"101381";"102253"
"Bevolking aan het begin van de periode";"Delfzijl";"aantal";"26635";"26567";"26305";"26025";"25698";"25409";"25068";"24965";"24863"
"Bevolking aan het begin van de periode";"Denekamp";"aantal";"";"";"";"";"";"";"";"";""
"Bevolking aan het begin van de periode";"Deurne";"aantal";"31526";"31676";"31762";"31733";"31659";"31765";"31878";"31933";"32137"
"Bevolking aan het begin van de periode";"Deventer";"aantal";"98523";"98737";"98672";"98581";"98322";"98540";"98869";"99295";"99653"
"Bevolking aan het begin van de periode";"Didam";"aantal";"";"";"";"";"";"";"";"";""
"Bevolking aan het begin van de periode";"Diemen";"aantal";"24685";"25012";"24935";"25218";"25930";"26666";"26840";"27272";"28121"
"Bevolking aan het begin van de periode";"Dinkelland";"aantal";"26058";"26067";"26073";"26056";"25947";"25928";"26120";"26244";"26291"
"Bevolking aan het begin van de periode";"Dinxperlo";"aantal";"";"";"";"";"";"";"";"";""
"Bevolking aan het begin van de periode";"Dirksland";"aantal";"8439";"8408";"8476";"";"";"";"";"";""
"Bevolking aan het begin van de periode";"Doesburg";"aantal";"11600";"11636";"11598";"11539";"11437";"11355";"11336";"11341";"11328"
"Bevolking aan het begin van de periode";"Doetinchem";"aantal";"56108";"56037";"56252";"56414";"56344";"56484";"56827";"57068";"57382"
"Bevolking aan het begin van de periode";"Dongen";"aantal";"25061";"25101";"25205";"25382";"25358";"25395";"25413";"25509";"25777"
"Bevolking aan het begin van de periode";"Dongeradeel";"aantal";"24409";"24292";"24284";"24221";"24160";"23983";"23932";"23901";"23789"
"Bevolking aan het begin van de periode";"Doorn";"aantal";"";"";"";"";"";"";"";"";""
"Bevolking aan het begin van de periode";"Dordrecht";"aantal";"118480";"118810";"118862";"118466";"118691";"118899";"118801";"118731";"118426"
"Bevolking aan het begin van de periode";"Drechterland";"aantal";"19291";"19335";"19300";"19298";"19250";"19294";"19400";"19384";"19440"
"Bevolking aan het begin van de periode";"Driebergen-Rijsenburg";"aantal";"";"";"";"";"";"";"";"";""
"Bevolking aan het begin van de periode";"Drimmelen";"aantal";"26591";"26477";"26664";"26737";"26695";"26703";"26815";"26869";"27063"
"Bevolking aan het begin van de periode";"Dronten";"aantal";"39787";"40164";"40470";"40679";"40413";"40363";"40592";"40746";"40735"
"Bevolking aan het begin van de periode";"Druten";"aantal";"18084";"18097";"18193";"18203";"18210";"18294";"18407";"18563";"18701"
"Bevolking aan het begin van de periode";"Duiven";"aantal";"25593";"25550";"25525";"25554";"25609";"25548";"25433";"25398";"25438"
"Bevolking aan het begin van de periode";"Echt";"aantal";"";"";"";"";"";"";"";"";""
"Bevolking aan het begin van de periode";"Echt-Susteren";"aantal";"32282";"32264";"32165";"32072";"31976";"31947";"31943";"31815";"31751"
"Bevolking aan het begin van de periode";"Edam-Volendam";"aantal";"28506";"28583";"28700";"28754";"28920";"29087";"35465";"35800";"35953"
"Bevolking aan het begin van de periode";"Ede";"aantal";"107756";"108285";"108763";"109823";"110656";"111575";"112427";"113421";"114682"
"Bevolking aan het begin van de periode";"Eemnes";"aantal";"8837";"8845";"8824";"8795";"8779";"8807";"8877";"8999";"9112"
"Bevolking aan het begin van de periode";"Eemsmond";"aantal";"16426";"16357";"16235";"16083";"15928";"15770";"15815";"15656";"15553"
"Bevolking aan het begin van de periode";"Eersel";"aantal";"18157";"18166";"18166";"18196";"18183";"18347";"18551";"18554";"18778"
"Bevolking aan het begin van de periode";"Eibergen";"aantal";"";"";"";"";"";"";"";"";""
"Bevolking aan het begin van de periode";"Eijsden";"aantal";"11439";"";"";"";"";"";"";"";""
"Bevolking aan het begin van de periode";"Eijsden-Margraten";"aantal";"";"24940";"24994";"25049";"24979";"24967";"25123";"25297";"25566"
"Bevolking aan het begin van de periode";"Eindhoven";"aantal";"213809";"216036";"217225";"218433";"220920";"223209";"224755";"226868";"229126"
"Bevolking aan het begin van de periode";"Elburg";"aantal";"22176";"22310";"22416";"22510";"22645";"22843";"22929";"23026";"23107"
"Bevolking aan het begin van de periode";"Emmen";"aantal";"109491";"109259";"108838";"108392";"108052";"107775";"107584";"107490";"107192"
"Bevolking aan het begin van de periode";"Enkhuizen";"aantal";"18153";"18173";"18268";"18315";"18376";"18345";"18455";"18479";"18476"
"Bevolking aan het begin van de periode";"Enschede";"aantal";"157052";"157838";"158048";"158627";"158586";"158553";"158351";"158140";"158261"
"Bevolking aan het begin van de periode";"Epe";"aantal";"32881";"32875";"32519";"32385";"32351";"32214";"32282";"32537";"32863"
"Bevolking aan het begin van de periode";"Ermelo";"aantal";"26264";"26133";"26127";"26120";"26045";"26190";"26507";"26590";"26793"
"Bevolking aan het begin van de periode";"Etten-Leur";"aantal";"41524";"41800";"42048";"42274";"42357";"42503";"42832";"43027";"43532"
"Bevolking aan het begin van de periode";"Ferwerderadiel";"aantal";"8839";"8864";"8837";"8856";"8790";"8738";"8701";"8735";"8671"
"Bevolking aan het begin van de periode";"Franekeradeel";"aantal";"20597";"20755";"20512";"20476";"20445";"20328";"20265";"20215";""
"Bevolking aan het begin van de periode";"De Friese Meren";"aantal";"";"";"";"";"51414";"51213";"";"";""
"Bevolking aan het begin van de periode";"De Fryske Marren";"aantal";"";"";"";"";"";"";"51265";"51585";"51742"
"Bevolking aan het begin van de periode";"Gaasterlân-Sleat";"aantal";"10303";"10225";"10194";"10196";"";"";"";"";""
"Bevolking aan het begin van de periode";"Geertruidenberg";"aantal";"21087";"21307";"21471";"21513";"21571";"21574";"21630";"21504";"21517"
"Bevolking aan het begin van de periode";"Geldermalsen";"aantal";"26260";"26224";"26334";"26240";"26300";"26323";"26346";"26587";"26818"
"Bevolking aan het begin van de periode";"Geldrop";"aantal";"";"";"";"";"";"";"";"";""
"Bevolking aan het begin van de periode";"Geldrop-Mierlo";"aantal";"38117";"38389";"38671";"38768";"38854";"38879";"38893";"39078";"39252"
"Bevolking aan het begin van de periode";"Gemert-Bakel";"aantal";"28763";"28906";"29041";"29101";"29315";"29513";"29647";"30024";"30340"
"Bevolking aan het begin van de periode";"Gendringen";"aantal";"";"";"";"";"";"";"";"";""
"Bevolking aan het begin van de periode";"Gennep";"aantal";"17153";"17383";"17367";"17319";"17286";"17280";"17085";"17129";"17052"
"Bevolking aan het begin van de periode";"Giessenlanden";"aantal";"14451";"14427";"14508";"14466";"14442";"14464";"14544";"14596";"14551"
"Bevolking aan het begin van de periode";"Gilze en Rijen";"aantal";"25975";"25764";"25589";"25858";"26069";"26065";"26152";"26220";"26313"
"Bevolking aan het begin van de periode";"Goedereede";"aantal";"11420";"11409";"11380";"";"";"";"";"";""
"Bevolking aan het begin van de periode";"Goeree-Overflakkee";"aantal";"";"";"";"48259";"48245";"48206";"48321";"48653";"49129"
"Bevolking aan het begin van de periode";"Goes";"aantal";"36605";"36665";"36921";"36971";"36954";"37153";"37207";"37274";"37636"
"Bevolking aan het begin van de periode";"Goirle";"aantal";"22761";"22807";"22805";"22933";"23098";"23014";"23111";"23317";"23621"
"Bevolking aan het begin van de periode";"Gooise Meren";"aantal";"";"";"";"";"";"";"56696";"56935";"57337"
"Bevolking aan het begin van de periode";"Gorinchem";"aantal";"34663";"34895";"35083";"35128";"35242";"35338";"35260";"35755";"36284"
"Bevolking aan het begin van de periode";"Gorssel";"aantal";"";"";"";"";"";"";"";"";""
"Bevolking aan het begin van de periode";"Gouda";"aantal";"71122";"71047";"71235";"70904";"70941";"71105";"71189";"71752";"72700"
"Bevolking aan het begin van de periode";"Graafstroom";"aantal";"9804";"9807";"9795";"";"";"";"";"";""
"Bevolking aan het begin van de periode";"Graft-De Rijp";"aantal";"6489";"6483";"6436";"6429";"6452";"";"";"";""
"Bevolking aan het begin van de periode";"Grave";"aantal";"12917";"13031";"12799";"12731";"12695";"12840";"12643";"12370";"12419"
"Bevolking aan het begin van de periode";"'s-Gravendeel";"aantal";"";"";"";"";"";"";"";"";""
"Bevolking aan het begin van de periode";"'s-Gravenhage (gemeente)";"aantal";"488553";"495083";"502055";"505856";"508940";"514861";"519988";"524882";"532561"
"Bevolking aan het begin van de periode";"'s-Gravenzande";"aantal";"";"";"";"";"";"";"";"";""
"Bevolking aan het begin van de periode";"Groenlo";"aantal";"";"";"";"";"";"";"";"";""
"Bevolking aan het begin van de periode";"Groesbeek";"aantal";"18923";"18870";"18884";"19009";"18977";"34258";"";"";""
"Bevolking aan het begin van de periode";"Groningen (gemeente)";"aantal";"187298";"189991";"193127";"195418";"198317";"200336";"200952";"202636";"202810"
"Bevolking aan het begin van de periode";"Grootegast";"aantal";"12141";"12209";"12275";"12222";"12165";"12123";"12155";"12166";"12143"
"Bevolking aan het begin van de periode";"Gulpen-Wittem";"aantal";"14594";"14496";"14479";"14444";"14484";"14497";"14508";"14337";"14196"
"Bevolking aan het begin van de periode";"Haaksbergen";"aantal";"24486";"24448";"24419";"24322";"24344";"24307";"24332";"24272";"24291"
"Bevolking aan het begin van de periode";"Haaren";"aantal";"13625";"13630";"13621";"13572";"13587";"13523";"13570";"13912";"14103"
"Bevolking aan het begin van de periode";"Haarlem";"aantal";"149579";"150670";"151818";"153093";"155147";"156645";"158140";"159229";"159709"
"Bevolking aan het begin van de periode";"Haarlemmerliede en Spaarnwoude";"aantal";"5398";"5432";"5474";"5526";"5535";"5574";"5578";"5665";"5867"
"Bevolking aan het begin van de periode";"Haarlemmermeer";"aantal";"142788";"143374";"143943";"144153";"144061";"144152";"144518";"146003";"147282"
"Bevolking aan het begin van de periode";"Haelen";"aantal";"";"";"";"";"";"";"";"";""
"Bevolking aan het begin van de periode";"Halderberge";"aantal";"29291";"29292";"29325";"29231";"29340";"29484";"29531";"29579";"29888"
"Bevolking aan het begin van de periode";"Hardenberg";"aantal";"59014";"59283";"59430";"59585";"59577";"59577";"59687";"60211";"60539"
"Bevolking aan het begin van de periode";"Harderwijk";"aantal";"44010";"44932";"45429";"45650";"45732";"45776";"45966";"46352";"46832"
"Bevolking aan het begin van de periode";"Hardinxveld-Giessendam";"aantal";"17497";"17535";"17654";"17722";"17758";"17802";"17774";"17872";"17958"
"Bevolking aan het begin van de periode";"Haren";"aantal";"18516";"18515";"18457";"18642";"18782";"18924";"19076";"19570";"19860"
"Bevolking aan het begin van de periode";"Harenkarspel";"aantal";"16086";"16179";"16194";"";"";"";"";"";""
"Bevolking aan het begin van de periode";"Harlingen";"aantal";"15809";"15878";"15844";"15854";"15821";"15779";"15813";"15860";"15783"
"Bevolking aan het begin van de periode";"Hattem";"aantal";"11792";"11762";"11805";"11769";"11732";"11821";"11890";"12040";"12154"
"Bevolking aan het begin van de periode";"Heel";"aantal";"";"";"";"";"";"";"";"";""
"Bevolking aan het begin van de periode";"Heemskerk";"aantal";"38848";"39206";"39268";"39117";"39088";"39138";"39299";"39171";"39146"
"Bevolking aan het begin van de periode";"Heemstede";"aantal";"26058";"26297";"26242";"26317";"26364";"26480";"26766";"26936";"27080"
"Bevolking aan het begin van de periode";"Heerde";"aantal";"18313";"18300";"18244";"18399";"18490";"18512";"18556";"18561";"18603"
"Bevolking aan het begin van de periode";"Heerenveen";"aantal";"43418";"43454";"43514";"43323";"49899";"50141";"50290";"50203";"50192"
"Bevolking aan het begin van de periode";"Heerhugowaard";"aantal";"51178";"51985";"52483";"52893";"53307";"53554";"53927";"54950";"55850"
"Bevolking aan het begin van de periode";"Heerjansdam";"aantal";"";"";"";"";"";"";"";"";""
"Bevolking aan het begin van de periode";"Heerlen";"aantal";"89236";"89212";"89016";"88747";"88259";"87500";"87406";"87189";"86762"
"Bevolking aan het begin van de periode";"Heeze-Leende";"aantal";"15260";"15295";"15352";"15405";"15353";"15477";"15650";"15714";"15886"
"Bevolking aan het begin van de periode";"Heiloo";"aantal";"22451";"22580";"22650";"22594";"22636";"22553";"22689";"22857";"23099"
"Bevolking aan het begin van de periode";"Helden";"aantal";"";"";"";"";"";"";"";"";""
"Bevolking aan het begin van de periode";"Den Helder";"aantal";"57403";"57207";"57065";"56947";"56597";"56483";"56275";"56020";"55760"
"Bevolking aan het begin van de periode";"Hellendoorn";"aantal";"35791";"35747";"35796";"35743";"35711";"35622";"35651";"35772";"35796"
"Bevolking aan het begin van de periode";"Hellevoetsluis";"aantal";"39756";"39739";"39442";"39086";"38953";"38882";"38634";"38722";"39992"
"Bevolking aan het begin van de periode";"Helmond";"aantal";"88291";"88560";"88801";"89023";"89256";"89718";"90127";"90602";"90903"
"Bevolking aan het begin van de periode";"Hendrik-Ido-Ambacht";"aantal";"26897";"27616";"28257";"28641";"28911";"29156";"29408";"29731";"30677"
"Bevolking aan het begin van de periode";"Hengelo (Gld.)";"aantal";"";"";"";"";"";"";"";"";""
"Bevolking aan het begin van de periode";"Hengelo (O.)";"aantal";"80772";"80747";"80939";"80952";"80957";"81059";"81075";"80802";"80593"
"Bevolking aan het begin van de periode";"'s-Hertogenbosch";"aantal";"139607";"140786";"141893";"142817";"143733";"150889";"151608";"152411";"153434"
"Bevolking aan het begin van de periode";"Heumen";"aantal";"16632";"16494";"16413";"16455";"16334";"16383";"16360";"16475";"16462"
"Bevolking aan het begin van de periode";"Heusden";"aantal";"42995";"43119";"43112";"43244";"43165";"43132";"43274";"43516";"43723"
"Bevolking aan het begin van de periode";"Heythuysen";"aantal";"";"";"";"";"";"";"";"";""
"Bevolking aan het begin van de periode";"Hillegom";"aantal";"20484";"20627";"20831";"20868";"20944";"21101";"21089";"21316";"21812"
"Bevolking aan het begin van de periode";"Hilvarenbeek";"aantal";"14978";"15035";"15047";"15086";"15092";"15042";"15164";"15283";"15366"
"Bevolking aan het begin van de periode";"Hilversum";"aantal";"84573";"84984";"85537";"86017";"86426";"87161";"87830";"88888";"89521"
"Bevolking aan het begin van de periode";"Hoeksche Waard";"aantal";"";"";"";"";"";"";"";"";""
"Bevolking aan het begin van de periode";"Hof van Twente";"aantal";"35468";"35573";"35599";"35215";"34997";"34917";"34881";"35011";"34930"
"Bevolking aan het begin van de periode";"Het Hogeland";"aantal";"";"";"";"";"";"";"";"";""
"Bevolking aan het begin van de periode";"Hollands Kroon";"aantal";"";"";"47703";"47643";"47502";"47546";"47546";"47600";"47681"
"Bevolking aan het begin van de periode";"Hontenisse";"aantal";"";"";"";"";"";"";"";"";""
"Bevolking aan het begin van de periode";"Hoogeveen";"aantal";"54805";"54844";"54889";"54874";"54664";"54860";"55240";"55311";"55677"
"Bevolking aan het begin van de periode";"Hoogezand-Sappemeer";"aantal";"34754";"34814";"34778";"34523";"34304";"34334";"34177";"34232";""
"Bevolking aan het begin van de periode";"Hoorn";"aantal";"70252";"70697";"71254";"71360";"71703";"71880";"72172";"72493";"72806"
"Bevolking aan het begin van de periode";"Horst aan de Maas";"aantal";"41465";"41814";"41917";"41810";"41727";"41661";"41675";"42139";"42271"
"Bevolking aan het begin van de periode";"Houten";"aantal";"47622";"47935";"48309";"48429";"48421";"48637";"48765";"49300";"49579"
"Bevolking aan het begin van de periode";"Huizen";"aantal";"41934";"41726";"41574";"41445";"41245";"41315";"41373";"41382";"41369"
"Bevolking aan het begin van de periode";"Hulst";"aantal";"27860";"27719";"27632";"27514";"27388";"27360";"27372";"27395";"27472"
"Bevolking aan het begin van de periode";"Hummelo en Keppel";"aantal";"";"";"";"";"";"";"";"";""
"Bevolking aan het begin van de periode";"Hunsel";"aantal";"";"";"";"";"";"";"";"";""
"Bevolking aan het begin van de periode";"IJsselstein";"aantal";"34226";"34348";"34271";"34254";"34275";"34061";"34101";"34208";"34302"
"Bevolking aan het begin van de periode";"Jacobswoude";"aantal";"";"";"";"";"";"";"";"";""
"Bevolking aan het begin van de periode";"Kaag en Braassem";"aantal";"25642";"25744";"25737";"25715";"25745";"25844";"26108";"26374";"26625"
"Bevolking aan het begin van de periode";"Kampen";"aantal";"50051";"50403";"50705";"50924";"51092";"51432";"51950";"52511";"53259"
"Bevolking aan het begin van de periode";"Kapelle";"aantal";"12402";"12365";"12398";"12495";"12500";"12545";"12639";"12622";"12720"
"Bevolking aan het begin van de periode";"Katwijk";"aantal";"61828";"62044";"62476";"62688";"62782";"63633";"64239";"64532";"64956"
"Bevolking aan het begin van de periode";"Kerkrade";"aantal";"47684";"47409";"47280";"47194";"46784";"46524";"46023";"45937";"45823"
"Bevolking aan het begin van de periode";"Kessel";"aantal";"";"";"";"";"";"";"";"";""
"Bevolking aan het begin van de periode";"Kesteren";"aantal";"";"";"";"";"";"";"";"";""
"Bevolking aan het begin van de periode";"Koggenland";"aantal";"21969";"22082";"22345";"22376";"22485";"22426";"22471";"22522";"22659"
"Bevolking aan het begin van de periode";"Kollumerland en Nieuwkruisland";"aantal";"13005";"12930";"12906";"12829";"12878";"12835";"12811";"12872";"12827"
"Bevolking aan het begin van de periode";"Korendijk";"aantal";"10891";"10848";"10801";"10774";"10702";"10778";"10825";"10959";"11097"
"Bevolking aan het begin van de periode";"Krimpen aan den IJssel";"aantal";"28812";"28626";"28692";"28855";"28825";"28970";"29054";"29123";"29306"
"Bevolking aan het begin van de periode";"Krimpenerwaard";"aantal";"";"";"";"";"";"54208";"54653";"55204";"55644"
"Bevolking aan het begin van de periode";"Laarbeek";"aantal";"21581";"21532";"21608";"21767";"21802";"21913";"21965";"21942";"22158"
"Bevolking aan het begin van de periode";"Landerd";"aantal";"14888";"14941";"15066";"15223";"15266";"15290";"15303";"15332";"15332"
"Bevolking aan het begin van de periode";"Landgraaf";"aantal";"38457";"38186";"38067";"37911";"37573";"37456";"37465";"37458";"37612"
"Bevolking aan het begin van de periode";"Landsmeer";"aantal";"10233";"10253";"10334";"10454";"10444";"10823";"10977";"11275";"11435"
"Bevolking aan het begin van de periode";"Langedijk";"aantal";"26955";"26997";"26991";"26899";"26935";"27287";"27447";"27608";"27836"
"Bevolking aan het begin van de periode";"Lansingerland";"aantal";"52565";"54090";"55265";"56506";"57122";"58133";"59035";"60105";"61155"
"Bevolking aan het begin van de periode";"Laren (NH.)";"aantal";"11323";"11418";"11360";"10889";"10862";"10857";"10956";"11088";"11146"
"Bevolking aan het begin van de periode";"Leek";"aantal";"19364";"19333";"19467";"19611";"19597";"19478";"19536";"19643";"19669"
"Bevolking aan het begin van de periode";"Leerdam";"aantal";"20745";"20692";"20664";"20718";"20590";"20568";"20711";"20905";"21030"
"Bevolking aan het begin van de periode";"Leersum";"aantal";"";"";"";"";"";"";"";"";""
"Bevolking aan het begin van de periode";"Leeuwarden";"aantal";"94073";"94838";"95321";"95949";"107342";"107691";"107897";"108667";"122415"
"Bevolking aan het begin van de periode";"Leeuwarderadeel";"aantal";"10435";"10377";"10332";"10314";"10278";"10221";"10175";"10108";""
"Bevolking aan het begin van de periode";"Leiden";"aantal";"117123";"117915";"118748";"119800";"121163";"121562";"122561";"123661";"124306"
"Bevolking aan het begin van de periode";"Leiderdorp";"aantal";"26426";"26609";"26706";"26743";"26813";"26853";"26968";"27128";"27197"
"Bevolking aan het begin van de periode";"Leidschendam-Voorburg";"aantal";"72160";"72068";"72405";"72588";"73356";"73979";"74223";"74604";"74947"
"Bevolking aan het begin van de periode";"Lelystad";"aantal";"74628";"75111";"75312";"75778";"76142";"76418";"76792";"76937";"77389"
"Bevolking aan het begin van de periode";"Lemsterland";"aantal";"13623";"13621";"13564";"13566";"";"";"";"";""
"Bevolking aan het begin van de periode";"Leudal";"aantal";"36741";"36600";"36462";"36426";"36219";"36244";"36140";"35878";"35857"
"Bevolking aan het begin van de periode";"Leusden";"aantal";"28812";"28609";"28905";"28969";"28997";"29062";"29309";"29677";"29755"
"Bevolking aan het begin van de periode";"Lichtenvoorde";"aantal";"";"";"";"";"";"";"";"";""
"Bevolking aan het begin van de periode";"Liemeer";"aantal";"";"";"";"";"";"";"";"";""
"Bevolking aan het begin van de periode";"De Lier";"aantal";"";"";"";"";"";"";"";"";""
"Bevolking aan het begin van de periode";"Liesveld";"aantal";"9740";"9746";"9787";"";"";"";"";"";""
"Bevolking aan het begin van de periode";"Lingewaal";"aantal";"10899";"10878";"10895";"11007";"11060";"11079";"11112";"11158";"11134"
"Bevolking aan het begin van de periode";"Lingewaard";"aantal";"45445";"45589";"45770";"45818";"45776";"45788";"45950";"46182";"46372"
"Bevolking aan het begin van de periode";"Lisse";"aantal";"22335";"22685";"22511";"22393";"22336";"22539";"22606";"22717";"22746"
"Bevolking aan het begin van de periode";"Lith";"aantal";"6651";"";"";"";"";"";"";"";""
"Bevolking aan het begin van de periode";"Littenseradiel";"aantal";"10924";"10998";"10925";"10948";"10926";"10879";"10833";"10746";""
"Bevolking aan het begin van de periode";"Lochem";"aantal";"33395";"33278";"33263";"33308";"33248";"33244";"33333";"33545";"33574"
"Bevolking aan het begin van de periode";"Loenen";"aantal";"8504";"";"";"";"";"";"";"";""
"Bevolking aan het begin van de periode";"Loon op Zand";"aantal";"23016";"22973";"23071";"23083";"23080";"22960";"22929";"23093";"23120"
"Bevolking aan het begin van de periode";"Lopik";"aantal";"14174";"14121";"14050";"13992";"13999";"14099";"14156";"14208";"14395"
"Bevolking aan het begin van de periode";"Loppersum";"aantal";"10452";"10478";"10366";"10292";"10196";"10140";"10042";"9914";"9732"
"Bevolking aan het begin van de periode";"Losser";"aantal";"22647";"22664";"22673";"22554";"22612";"22467";"22444";"22482";"22547"
"Bevolking aan het begin van de periode";"Maarn";"aantal";"";"";"";"";"";"";"";"";""
"Bevolking aan het begin van de periode";"Maarssen";"aantal";"39663";"";"";"";"";"";"";"";""
"Bevolking aan het begin van de periode";"Maasbracht";"aantal";"";"";"";"";"";"";"";"";""
"Bevolking aan het begin van de periode";"Maasbree";"aantal";"";"";"";"";"";"";"";"";""
"Bevolking aan het begin van de periode";"Maasdonk";"aantal";"11268";"11254";"11259";"11220";"11242";"";"";"";""
"Bevolking aan het begin van de periode";"Maasdriel";"aantal";"23756";"23970";"24022";"24092";"24156";"24185";"24084";"24250";"24350"
"Bevolking aan het begin van de periode";"Maasgouw";"aantal";"24275";"24272";"24095";"24017";"23907";"23766";"23757";"23774";"23697"
"Bevolking aan het begin van de periode";"Maasland";"aantal";"";"";"";"";"";"";"";"";""
"Bevolking aan het begin van de periode";"Maassluis";"aantal";"31591";"31910";"31849";"31985";"32080";"32201";"32292";"32450";"32518"
"Bevolking aan het begin van de periode";"Maastricht";"aantal";"118533";"119664";"121050";"121819";"122488";"122397";"122533";"122753";"122723"
"Bevolking aan het begin van de periode";"Margraten";"aantal";"13404";"";"";"";"";"";"";"";""
"Bevolking aan het begin van de periode";"De Marne";"aantal";"10527";"10501";"10428";"10336";"10209";"10157";"10101";"10088";"10058"
"Bevolking aan het begin van de periode";"Marum";"aantal";"10449";"10471";"10413";"10382";"10378";"10311";"10305";"10388";"10488"
"Bevolking aan het begin van de periode";"Medemblik";"aantal";"27384";"42891";"43117";"43248";"43320";"43604";"43725";"44058";"44480"
"Bevolking aan het begin van de periode";"Meerlo-Wanssum";"aantal";"";"";"";"";"";"";"";"";""
"Bevolking aan het begin van de periode";"Meerssen";"aantal";"19565";"19495";"19430";"19362";"19254";"19063";"19040";"19072";"19039"
"Bevolking aan het begin van de periode";"Meierijstad";"aantal";"";"";"";"";"";"";"";"79869";"80148"
"Bevolking aan het begin van de periode";"Meijel";"aantal";"";"";"";"";"";"";"";"";""
"Bevolking aan het begin van de periode";"Menaldumadeel";"aantal";"13748";"";"";"";"";"";"";"";""
"Bevolking aan het begin van de periode";"Menameradiel";"aantal";"";"13774";"13773";"13727";"13673";"13612";"13543";"13454";""
"Bevolking aan het begin van de periode";"Menterwolde";"aantal";"12503";"12385";"12358";"12370";"12258";"12197";"12233";"12162";""
"Bevolking aan het begin van de periode";"Meppel";"aantal";"32378";"32511";"32573";"32726";"32867";"32799";"32794";"33025";"33410"
"Bevolking aan het begin van de periode";"Middelburg (Z.)";"aantal";"47997";"48030";"47768";"47523";"47642";"47613";"47873";"48019";"48303"
"Bevolking aan het begin van de periode";"Middelharnis";"aantal";"17950";"18050";"18049";"";"";"";"";"";""
"Bevolking aan het begin van de periode";"Midden-Delfland";"aantal";"17890";"18154";"18225";"18251";"18456";"18709";"18873";"19034";"19338"
"Bevolking aan het begin van de periode";"Midden-Drenthe";"aantal";"33560";"33581";"33558";"33422";"33366";"33284";"33450";"33399";"33172"
"Bevolking aan het begin van de periode";"Midden-Groningen";"aantal";"";"";"";"";"";"";"";"";"60953"
"Bevolking aan het begin van de periode";"Mierlo";"aantal";"";"";"";"";"";"";"";"";""
"Bevolking aan het begin van de periode";"Mill en Sint Hubert";"aantal";"11031";"11000";"10926";"10906";"10850";"10831";"10801";"10807";"10831"
"Bevolking aan het begin van de periode";"Millingen aan de Rijn";"aantal";"5914";"5921";"5903";"5924";"5876";"";"";"";""
"Bevolking aan het begin van de periode";"Moerdijk";"aantal";"36536";"36547";"36522";"36625";"36729";"36816";"36762";"36944";"36967"
"Bevolking aan het begin van de periode";"Molenlanden";"aantal";"";"";"";"";"";"";"";"";""
"Bevolking aan het begin van de periode";"Molenwaard";"aantal";"";"";"";"29190";"29032";"28993";"29067";"29212";"29295"
"Bevolking aan het begin van de periode";"Monster";"aantal";"";"";"";"";"";"";"";"";""
"Bevolking aan het begin van de periode";"Montferland";"aantal";"35179";"34976";"35043";"34834";"34987";"35150";"35173";"35316";"35627"
"Bevolking aan het begin van de periode";"Montfoort";"aantal";"13494";"13500";"13601";"13621";"13639";"13672";"13783";"13866";"13879"
"Bevolking aan het begin van de periode";"Mook en Middelaar";"aantal";"8049";"7947";"7874";"7827";"7796";"7762";"7755";"7775";"7768"
"Bevolking aan het begin van de periode";"Moordrecht";"aantal";"";"";"";"";"";"";"";"";""
"Bevolking aan het begin van de periode";"Muiden";"aantal";"6500";"6499";"6466";"6393";"6287";"6249";"";"";""
"Bevolking aan het begin van de periode";"Naaldwijk";"aantal";"";"";"";"";"";"";"";"";""
"Bevolking aan het begin van de periode";"Naarden";"aantal";"17152";"17185";"17163";"17263";"17205";"17209";"";"";""
"Bevolking aan het begin van de periode";"Neder-Betuwe";"aantal";"22553";"22620";"22614";"22593";"22555";"22728";"23049";"23303";"23615"
"Bevolking aan het begin van de periode";"Nederlek";"aantal";"14087";"13994";"13992";"14131";"14075";"";"";"";""
"Bevolking aan het begin van de periode";"Nederweert";"aantal";"16607";"16678";"16771";"16785";"16751";"16776";"16793";"16864";"17038"
"Bevolking aan het begin van de periode";"Neede";"aantal";"";"";"";"";"";"";"";"";""
"Bevolking aan het begin van de periode";"Neerijnen";"aantal";"11880";"11843";"11930";"12022";"12020";"12038";"12122";"12344";"12397"
"Bevolking aan het begin van de periode";"Niedorp";"aantal";"12137";"12222";"";"";"";"";"";"";""
"Bevolking aan het begin van de periode";"Nieuwegein";"aantal";"60896";"60947";"60720";"60895";"61038";"61264";"61749";"61868";"62426"
"Bevolking aan het begin van de periode";"Nieuwerkerk aan den IJssel";"aantal";"";"";"";"";"";"";"";"";""
"Bevolking aan het begin van de periode";"Nieuwkoop";"aantal";"26929";"26988";"26974";"27082";"27104";"27114";"27433";"27914";"28269"
"Bevolking aan het begin van de periode";"Nieuw-Lekkerland";"aantal";"9530";"9541";"9520";"";"";"";"";"";""
"Bevolking aan het begin van de periode";"Nijefurd";"aantal";"10947";"";"";"";"";"";"";"";""
"Bevolking aan het begin van de periode";"Nijkerk";"aantal";"39538";"39788";"40126";"40355";"40638";"40870";"41199";"41775";"42307"
"Bevolking aan het begin van de periode";"Nijmegen";"aantal";"162963";"164223";"165182";"166382";"168292";"170681";"172064";"173556";"175948"
"Bevolking aan het begin van de periode";"Nissewaard";"aantal";"";"";"";"";"";"85121";"85293";"85401";"84593"
"Bevolking aan het begin van de periode";"Noardeast-Fryslân";"aantal";"";"";"";"";"";"";"";"";""
"Bevolking aan het begin van de periode";"Noord-Beveland";"aantal";"7397";"7474";"7522";"7509";"7530";"7433";"7421";"7382";"7314"
"Bevolking aan het begin van de periode";"Noordenveld";"aantal";"30808";"30794";"30955";"31024";"31087";"31137";"31039";"32981";"32370"
"Bevolking aan het begin van de periode";"Noorder-Koggenland";"aantal";"";"";"";"";"";"";"";"";""
"Bevolking aan het begin van de periode";"Noordoostpolder";"aantal";"46090";"46253";"46342";"46284";"46356";"46479";"46439";"46544";"46625"
"Bevolking aan het begin van de periode";"Noordwijk";"aantal";"25407";"25438";"25517";"25671";"25691";"25604";"25760";"25867";"26056"
"Bevolking aan het begin van de periode";"Noordwijkerhout";"aantal";"15555";"15601";"15648";"15740";"15956";"16063";"16140";"16318";"16605"
"Bevolking aan het begin van de periode";"Nuenen, Gerwen en Nederwetten";"aantal";"22213";"22242";"22548";"22645";"22620";"22620";"22763";"22866";"23019"
"Bevolking aan het begin van de periode";"Nunspeet";"aantal";"26728";"26685";"26609";"26628";"26680";"26744";"26835";"26892";"27114"
"Bevolking aan het begin van de periode";"Nuth";"aantal";"15667";"15595";"15644";"15494";"15583";"15495";"15425";"15305";"15201"
"Bevolking aan het begin van de periode";"Obdam";"aantal";"";"";"";"";"";"";"";"";""
"Bevolking aan het begin van de periode";"Oegstgeest";"aantal";"22597";"22767";"22788";"23153";"22910";"22997";"23209";"23608";"23887"
"Bevolking aan het begin van de periode";"Oirschot";"aantal";"17750";"17845";"17861";"17926";"17980";"18079";"18199";"18499";"18558"
"Bevolking aan het begin van de periode";"Oisterwijk";"aantal";"25827";"25721";"25775";"25770";"25802";"25732";"25835";"25936";"26132"
"Bevolking aan het begin van de periode";"Oldambt";"aantal";"39486";"39396";"39095";"38748";"38560";"38420";"38228";"38108";"38075"
"Bevolking aan het begin van de periode";"Oldebroek";"aantal";"22750";"22659";"22716";"22774";"22835";"23001";"23104";"23256";"23504"
"Bevolking aan het begin van de periode";"Oldenzaal";"aantal";"31974";"32176";"32176";"32200";"32137";"32120";"32110";"32006";"31915"
"Bevolking aan het begin van de periode";"Olst";"aantal";"";"";"";"";"";"";"";"";""
"Bevolking aan het begin van de periode";"Olst-Wijhe";"aantal";"17540";"17502";"17659";"17751";"17770";"17839";"17886";"17957";"18023"
"Bevolking aan het begin van de periode";"Ommen";"aantal";"17404";"17329";"17380";"17314";"17361";"17341";"17696";"17531";"17630"
"Bevolking aan het begin van de periode";"Onderbanken";"aantal";"8109";"8016";"7966";"7905";"7881";"7866";"7869";"7865";"7857"
"Bevolking aan het begin van de periode";"Oost Gelre";"aantal";"30026";"30113";"30005";"29873";"29700";"29533";"29537";"29634";"29672"
"Bevolking aan het begin van de periode";"Oostburg";"aantal";"";"";"";"";"";"";"";"";""
"Bevolking aan het begin van de periode";"Oosterhout";"aantal";"54136";"54072";"54006";"53686";"53717";"53793";"54018";"54604";"55147"
"Bevolking aan het begin van de periode";"Oostflakkee";"aantal";"10365";"10406";"10407";"";"";"";"";"";""
"Bevolking aan het begin van de periode";"Ooststellingwerf";"aantal";"26235";"26004";"25858";"25836";"25672";"25617";"25571";"25540";"25459"
"Bevolking aan het begin van de periode";"Oostzaan";"aantal";"9149";"9114";"9097";"9141";"9139";"9187";"9504";"9652";"9735"
"Bevolking aan het begin van de periode";"Opmeer";"aantal";"11386";"11420";"11393";"11379";"11368";"11301";"11336";"11420";"11526"
"Bevolking aan het begin van de periode";"Opsterland";"aantal";"30039";"29991";"29952";"29896";"29863";"29859";"29830";"29718";"29753"
"Bevolking aan het begin van de periode";"Oss";"aantal";"77392";"84201";"84639";"84861";"84954";"89799";"90003";"90376";"90951"
"Bevolking aan het begin van de periode";"Oud-Beijerland";"aantal";"23555";"23536";"23415";"23441";"23715";"23702";"23851";"24015";"24301"
"Bevolking aan het begin van de periode";"Oude IJsselstreek";"aantal";"39897";"39922";"39839";"39779";"39595";"39558";"39657";"39568";"39520"
"Bevolking aan het begin van de periode";"Ouder-Amstel";"aantal";"13099";"13146";"13232";"13249";"13271";"13289";"13411";"13419";"13496"
"Bevolking aan het begin van de periode";"Ouderkerk";"aantal";"8151";"8141";"8049";"8147";"8211";"";"";"";""
"Bevolking aan het begin van de periode";"Oudewater";"aantal";"9843";"9815";"9850";"9872";"9873";"9924";"10049";"10187";"10180"
"Bevolking aan het begin van de periode";"Overbetuwe";"aantal";"45577";"45953";"46269";"46531";"46665";"46833";"47002";"47394";"47481"
"Bevolking aan het begin van de periode";"Papendrecht";"aantal";"31853";"31883";"32032";"32082";"32117";"32188";"32248";"32292";"32264"
"Bevolking aan het begin van de periode";"Peel en Maas";"aantal";"43058";"43188";"43271";"43302";"43314";"43448";"43316";"43347";"43312"
"Bevolking aan het begin van de periode";"Pekela";"aantal";"13054";"12954";"12868";"12804";"12706";"12678";"12641";"12517";"12245"
"Bevolking aan het begin van de periode";"Pijnacker-Nootdorp";"aantal";"48013";"49286";"50103";"50454";"51071";"51203";"51894";"52656";"53634"
"Bevolking aan het begin van de periode";"Purmerend";"aantal";"79038";"79193";"79266";"79482";"79576";"79611";"79889";"79928";"79983"
"Bevolking aan het begin van de periode";"Putten";"aantal";"23592";"23746";"23860";"23971";"23872";"24377";"24516";"24428";"24313"
"Bevolking aan het begin van de periode";"Raalte";"aantal";"36796";"36688";"36603";"36486";"36519";"36603";"36700";"36907";"37158"
"Bevolking aan het begin van de periode";"Ravenstein";"aantal";"";"";"";"";"";"";"";"";""
"Bevolking aan het begin van de periode";"Reeuwijk";"aantal";"13060";"";"";"";"";"";"";"";""
"Bevolking aan het begin van de periode";"Reiderland";"aantal";"";"";"";"";"";"";"";"";""
"Bevolking aan het begin van de periode";"Reimerswaal";"aantal";"21476";"21614";"21704";"21859";"21927";"22058";"22265";"22356";"22555"
"Bevolking aan het begin van de periode";"Renkum";"aantal";"31656";"31559";"31630";"31565";"31580";"31408";"31254";"31391";"31338"
"Bevolking aan het begin van de periode";"Renswoude";"aantal";"4602";"4752";"4822";"4893";"4924";"4976";"5051";"5101";"5175"
"Bevolking aan het begin van de periode";"Reusel-De Mierden";"aantal";"12555";"12606";"12654";"12670";"12713";"12774";"12811";"12908";"13040"
"Bevolking aan het begin van de periode";"Rheden";"aantal";"43724";"43982";"43612";"43679";"43640";"43625";"43824";"43645";"43527"
"Bevolking aan het begin van de periode";"Rhenen";"aantal";"18860";"18951";"19064";"19047";"19116";"19308";"19400";"19597";"19816"
"Bevolking aan het begin van de periode";"Ridderkerk";"aantal";"44746";"44889";"45208";"45330";"45253";"45149";"45097";"45408";"45789"
"Bevolking aan het begin van de periode";"Rijnsburg";"aantal";"";"";"";"";"";"";"";"";""
"Bevolking aan het begin van de periode";"Rijnwaarden";"aantal";"11080";"11010";"11008";"10968";"10917";"10912";"10866";"10852";""
"Bevolking aan het begin van de periode";"Rijnwoude";"aantal";"18547";"18465";"18618";"18577";"";"";"";"";""
"Bevolking aan het begin van de periode";"Rijssen";"aantal";"";"";"";"";"";"";"";"";""
"Bevolking aan het begin van de periode";"Rijssen-Holten";"aantal";"37080";"37433";"37561";"37608";"37661";"37830";"37875";"37983";"38097"
"Bevolking aan het begin van de periode";"Rijswijk (ZH.)";"aantal";"46672";"46671";"46990";"47372";"47634";"48216";"49328";"51027";"52208"
"Bevolking aan het begin van de periode";"Roerdalen";"aantal";"21307";"21239";"21092";"20996";"20832";"20699";"20686";"20700";"20728"
"Bevolking aan het begin van de periode";"Roermond";"aantal";"55212";"55595";"56165";"56690";"56929";"57005";"57010";"57390";"57761"
"Bevolking aan het begin van de periode";"Roggel en Neer";"aantal";"";"";"";"";"";"";"";"";""
"Bevolking aan het begin van de periode";"De Ronde Venen";"aantal";"34400";"43004";"42977";"42846";"42642";"42588";"42576";"42763";"43620"
"Bevolking aan het begin van de periode";"Roosendaal";"aantal";"77566";"77541";"77426";"77155";"77027";"76874";"76960";"77163";"77000"
"Bevolking aan het begin van de periode";"Rotterdam";"aantal";"593049";"610386";"616260";"616294";"618357";"623652";"629606";"634660";"638712"
"Bevolking aan het begin van de periode";"Rozenburg";"aantal";"12494";"";"";"";"";"";"";"";""
"Bevolking aan het begin van de periode";"Rozendaal";"aantal";"1495";"1512";"1514";"1501";"1503";"1509";"1498";"1498";"1575"
"Bevolking aan het begin van de periode";"Rucphen";"aantal";"22484";"22430";"22320";"22268";"22180";"22233";"22276";"22345";"22401"
"Bevolking aan het begin van de periode";"Ruurlo";"aantal";"";"";"";"";"";"";"";"";""
"Bevolking aan het begin van de periode";"Sas van Gent";"aantal";"";"";"";"";"";"";"";"";""
"Bevolking aan het begin van de periode";"Sassenheim";"aantal";"";"";"";"";"";"";"";"";""
"Bevolking aan het begin van de periode";"Schagen";"aantal";"18736";"18671";"18653";"46207";"45978";"46137";"46159";"46193";"46379"
"Bevolking aan het begin van de periode";"Scheemda";"aantal";"";"";"";"";"";"";"";"";""
"Bevolking aan het begin van de periode";"Schermer";"aantal";"5360";"5359";"5456";"5501";"5539";"";"";"";""
"Bevolking aan het begin van de periode";"Scherpenzeel";"aantal";"9316";"9327";"9354";"9403";"9498";"9522";"9529";"9704";"9751"
"Bevolking aan het begin van de periode";"Schiedam";"aantal";"75565";"75718";"76244";"76216";"76450";"76869";"77108";"77838";"77907"
"Bevolking aan het begin van de periode";"Schiermonnikoog";"aantal";"942";"957";"932";"960";"942";"926";"919";"941";"932"
"Bevolking aan het begin van de periode";"Schijndel";"aantal";"22991";"23044";"23016";"23262";"23360";"23543";"23625";"";""
"Bevolking aan het begin van de periode";"Schinnen";"aantal";"13494";"13408";"13202";"12950";"12901";"12992";"12960";"12954";"12911"
"Bevolking aan het begin van de periode";"Schipluiden";"aantal";"";"";"";"";"";"";"";"";""
"Bevolking aan het begin van de periode";"Schoonhoven";"aantal";"11985";"11922";"11814";"11864";"11903";"";"";"";""
"Bevolking aan het begin van de periode";"Schouwen-Duiveland";"aantal";"34118";"34203";"34151";"34040";"33852";"33821";"33735";"33765";"33687"
"Bevolking aan het begin van de periode";"Sevenum";"aantal";"";"";"";"";"";"";"";"";""
"Bevolking aan het begin van de periode";"Simpelveld";"aantal";"10996";"10953";"10914";"10920";"10844";"10844";"10741";"10571";"10561"
"Bevolking aan het begin van de periode";"Sint Anthonis";"aantal";"11842";"11796";"11803";"11760";"11691";"11612";"11594";"11594";"11577"
"Bevolking aan het begin van de periode";"Sint-Michielsgestel";"aantal";"28138";"28114";"28128";"28040";"28121";"28395";"28403";"28584";"28673"
"Bevolking aan het begin van de periode";"Sint-Oedenrode";"aantal";"17680";"17818";"17910";"17921";"17934";"17937";"17896";"";""
"Bevolking aan het begin van de periode";"Sittard-Geleen";"aantal";"95243";"94814";"94535";"94024";"93691";"93724";"93555";"93319";"92956"
"Bevolking aan het begin van de periode";"Skarsterlân";"aantal";"27289";"27376";"27520";"27419";"";"";"";"";""
"Bevolking aan het begin van de periode";"Sliedrecht";"aantal";"24051";"24061";"24232";"24389";"24528";"24758";"24968";"25012";"25020"
"Bevolking aan het begin van de periode";"Slochteren";"aantal";"15555";"15546";"15536";"15622";"15548";"15583";"15698";"14737";""
"Bevolking aan het begin van de periode";"Sluis";"aantal";"24089";"23979";"23892";"23886";"23820";"23747";"23639";"23658";"23526"
"Bevolking aan het begin van de periode";"Sluis-Aardenburg";"aantal";"";"";"";"";"";"";"";"";""
"Bevolking aan het begin van de periode";"Smallingerland";"aantal";"55271";"55436";"55456";"55454";"55467";"55635";"55439";"55695";"55889"
"Bevolking aan het begin van de periode";"Sneek";"aantal";"33431";"";"";"";"";"";"";"";""
"Bevolking aan het begin van de periode";"Soest";"aantal";"45680";"45611";"45612";"45508";"45493";"45454";"45487";"45874";"46089"
"Bevolking aan het begin van de periode";"Someren";"aantal";"18229";"18317";"18580";"18628";"18690";"18695";"18914";"19036";"19120"
"Bevolking aan het begin van de periode";"Son en Breugel";"aantal";"15543";"15653";"15822";"16138";"16235";"16344";"16425";"16626";"16753"
"Bevolking aan het begin van de periode";"Spijkenisse";"aantal";"72345";"72244";"72171";"72375";"72561";"";"";"";""
"Bevolking aan het begin van de periode";"Stadskanaal";"aantal";"33416";"33122";"32998";"32885";"32803";"32610";"32621";"32252";"32258"
"Bevolking aan het begin van de periode";"Staphorst";"aantal";"16153";"16179";"16224";"16275";"16367";"16421";"16544";"16691";"16797"
"Bevolking aan het begin van de periode";"Stede Broec";"aantal";"21274";"21402";"21468";"21430";"21485";"21498";"21493";"21552";"21670"
"Bevolking aan het begin van de periode";"Steenbergen";"aantal";"23224";"23273";"23354";"23400";"23374";"23638";"23477";"23970";"24781"
"Bevolking aan het begin van de periode";"Steenderen";"aantal";"";"";"";"";"";"";"";"";""
"Bevolking aan het begin van de periode";"Steenwijk";"aantal";"";"";"";"";"";"";"";"";""
"Bevolking aan het begin van de periode";"Steenwijkerland";"aantal";"43208";"43281";"43402";"43437";"43350";"43219";"43333";"43448";"43768"
"Bevolking aan het begin van de periode";"Stein (L.)";"aantal";"25673";"25709";"25623";"25431";"25390";"25134";"25064";"25059";"24987"
"Bevolking aan het begin van de periode";"Stichtse Vecht";"aantal";"";"63050";"63315";"63491";"63856";"63943";"64061";"64450";"64513"
"Bevolking aan het begin van de periode";"Strijen";"aantal";"8916";"8868";"8848";"8777";"8683";"8716";"8766";"8785";"8793"
"Bevolking aan het begin van de periode";"Súdwest-Fryslân";"aantal";"";"82445";"82634";"82639";"84180";"84164";"84048";"84158";"89594"
"Bevolking aan het begin van de periode";"Susteren";"aantal";"";"";"";"";"";"";"";"";""
"Bevolking aan het begin van de periode";"Swalmen";"aantal";"";"";"";"";"";"";"";"";""
"Bevolking aan het begin van de periode";"Terneuzen";"aantal";"54878";"54823";"54742";"54729";"54709";"54577";"54657";"54588";"54440"
"Bevolking aan het begin van de periode";"Terschelling";"aantal";"4733";"4721";"4748";"4795";"4780";"4827";"4870";"4859";"4906"
"Bevolking aan het begin van de periode";"Texel";"aantal";"13779";"13728";"13668";"13662";"13552";"13581";"13574";"13545";"13584"
"Bevolking aan het begin van de periode";"Teylingen";"aantal";"35759";"35812";"35686";"35800";"35735";"35646";"36013";"36093";"36584"
"Bevolking aan het begin van de periode";"Tholen";"aantal";"25410";"25489";"25540";"25514";"25408";"25440";"25421";"25527";"25583"
"Bevolking aan het begin van de periode";"Thorn";"aantal";"";"";"";"";"";"";"";"";""
"Bevolking aan het begin van de periode";"Tiel";"aantal";"41192";"41181";"41527";"41751";"41775";"41590";"41510";"41488";"41465"
"Bevolking aan het begin van de periode";"Tilburg";"aantal";"204853";"206240";"207580";"208527";"210270";"211648";"212941";"213804";"215521"
"Bevolking aan het begin van de periode";"Tubbergen";"aantal";"21145";"21171";"21206";"21172";"21206";"21142";"21120";"21153";"21213"
"Bevolking aan het begin van de periode";"Twenterand";"aantal";"33580";"33727";"33929";"33971";"33929";"33874";"33846";"33845";"33903"
"Bevolking aan het begin van de periode";"Tynaarlo";"aantal";"32408";"32450";"32357";"32456";"32493";"32570";"32804";"33280";"33462"
"Bevolking aan het begin van de periode";"Tytsjerksteradiel";"aantal";"32237";"32178";"32164";"31979";"31973";"31957";"32077";"31963";"31870"
"Bevolking aan het begin van de periode";"Ubbergen";"aantal";"9333";"9358";"9387";"9504";"9451";"";"";"";""
"Bevolking aan het begin van de periode";"Uden";"aantal";"40536";"40721";"40805";"40948";"40913";"41089";"41247";"41384";"41725"
"Bevolking aan het begin van de periode";"Uitgeest";"aantal";"12664";"12819";"12897";"13061";"13234";"13291";"13360";"13465";"13520"
"Bevolking aan het begin van de periode";"Uithoorn";"aantal";"28053";"28114";"28307";"28387";"28418";"28731";"29181";"29201";"29445"
"Bevolking aan het begin van de periode";"Urk";"aantal";"18310";"18678";"18950";"19225";"19470";"19705";"19987";"20220";"20524"
"Bevolking aan het begin van de periode";"Utrecht (gemeente)";"aantal";"307081";"311367";"316275";"321916";"328164";"334176";"338967";"343038";"347483"
"Bevolking aan het begin van de periode";"Utrechtse Heuvelrug";"aantal";"48801";"48726";"48267";"48092";"47951";"48183";"48506";"49035";"49314"
"Bevolking aan het begin van de periode";"Vaals";"aantal";"9870";"9805";"9749";"9771";"9685";"9694";"9632";"9710";"9874"
"Bevolking aan het begin van de periode";"Valkenburg (ZH.)";"aantal";"";"";"";"";"";"";"";"";""
"Bevolking aan het begin van de periode";"Valkenburg aan de Geul";"aantal";"17090";"17024";"16945";"16814";"16675";"16618";"16518";"16440";"16431"
"Bevolking aan het begin van de periode";"Valkenswaard";"aantal";"30725";"30622";"30666";"30584";"30335";"30234";"30262";"30516";"30654"
"Bevolking aan het begin van de periode";"Veendam";"aantal";"28024";"27981";"27920";"27914";"27792";"27695";"27467";"27527";"27508"
"Bevolking aan het begin van de periode";"Veenendaal";"aantal";"62053";"62267";"62870";"63032";"63252";"63440";"63816";"64277";"64918"
"Bevolking aan het begin van de periode";"Veere";"aantal";"21914";"21926";"21959";"21903";"21868";"21926";"21960";"21900";"21867"
"Bevolking aan het begin van de periode";"Veghel";"aantal";"37303";"37476";"37553";"37437";"37464";"37754";"38078";"";""
"Bevolking aan het begin van de periode";"Veldhoven";"aantal";"43243";"43592";"43880";"44092";"44155";"44166";"44317";"44724";"44925"
"Bevolking aan het begin van de periode";"Velsen";"aantal";"67281";"67347";"67286";"67122";"67220";"67166";"67448";"67619";"67831"
"Bevolking aan het begin van de periode";"Venhuizen";"aantal";"";"";"";"";"";"";"";"";""
"Bevolking aan het begin van de periode";"Venlo";"aantal";"100301";"99793";"100027";"100159";"100428";"100536";"100371";"101059";"101192"
"Bevolking aan het begin van de periode";"Venray";"aantal";"42718";"42784";"42959";"43038";"43112";"43202";"43291";"43565";"43341"
"Bevolking aan het begin van de periode";"Vianen";"aantal";"19647";"19683";"19670";"19670";"19596";"19632";"19513";"19714";"19967"
"Bevolking aan het begin van de periode";"Vijfheerenlanden";"aantal";"";"";"";"";"";"";"";"";""
"Bevolking aan het begin van de periode";"Vlaardingen";"aantal";"70533";"71269";"71042";"70905";"70981";"71645";"71808";"71999";"72050"
"Bevolking aan het begin van de periode";"Vlagtwedde";"aantal";"16260";"16290";"16260";"16132";"15905";"16212";"16422";"15908";""
"Bevolking aan het begin van de periode";"Vlieland";"aantal";"1160";"1151";"1105";"1114";"1110";"1103";"1083";"1085";"1132"
"Bevolking aan het begin van de periode";"Vlissingen";"aantal";"44645";"44536";"44502";"44451";"44444";"44485";"44451";"44394";"44485"
"Bevolking aan het begin van de periode";"Vlist";"aantal";"9753";"9806";"9773";"9730";"9694";"";"";"";""
"Bevolking aan het begin van de periode";"Voerendaal";"aantal";"12703";"12664";"12664";"12617";"12454";"12397";"12482";"12462";"12390"
"Bevolking aan het begin van de periode";"Voorhout";"aantal";"";"";"";"";"";"";"";"";""
"Bevolking aan het begin van de periode";"Voorschoten";"aantal";"23462";"23865";"24310";"24658";"24951";"25150";"25211";"25315";"25453"
"Bevolking aan het begin van de periode";"Voorst";"aantal";"23772";"23703";"23719";"23724";"23767";"23913";"23984";"24199";"24310"
"Bevolking aan het begin van de periode";"Vorden";"aantal";"";"";"";"";"";"";"";"";""
"Bevolking aan het begin van de periode";"Vriezenveen";"aantal";"";"";"";"";"";"";"";"";""
"Bevolking aan het begin van de periode";"Vught";"aantal";"25400";"25654";"25789";"25564";"25638";"25853";"25973";"26183";"26418"
"Bevolking aan het begin van de periode";"Waadhoeke";"aantal";"";"";"";"";"";"";"";"";"46101"
"Bevolking aan het begin van de periode";"Waalre";"aantal";"16533";"16482";"16503";"16725";"16765";"16874";"17023";"16898";"17075"
"Bevolking aan het begin van de periode";"Waalwijk";"aantal";"45751";"46211";"46422";"46438";"46498";"46713";"47021";"47410";"47725"
"Bevolking aan het begin van de periode";"Waddinxveen";"aantal";"25400";"25337";"25280";"25217";"25508";"25657";"26072";"26536";"27578"
"Bevolking aan het begin van de periode";"Wageningen";"aantal";"37359";"36642";"37049";"37408";"37429";"37786";"37837";"38458";"38412"
"Bevolking aan het begin van de periode";"Warmond";"aantal";"";"";"";"";"";"";"";"";""
"Bevolking aan het begin van de periode";"Warnsveld";"aantal";"";"";"";"";"";"";"";"";""
"Bevolking aan het begin van de periode";"Wassenaar";"aantal";"25816";"25830";"25762";"25656";"25675";"25731";"25885";"26055";"26084"
"Bevolking aan het begin van de periode";"Wateringen";"aantal";"";"";"";"";"";"";"";"";""
"Bevolking aan het begin van de periode";"Waterland";"aantal";"17057";"17140";"17010";"17091";"17134";"17143";"17304";"17290";"17259"
"Bevolking aan het begin van de periode";"Weert";"aantal";"48456";"48563";"48668";"48587";"48721";"48914";"49100";"49574";"49855"
"Bevolking aan het begin van de periode";"Weesp";"aantal";"17636";"17987";"18022";"18151";"18172";"18348";"18572";"18751";"19147"
"Bevolking aan het begin van de periode";"Wehl";"aantal";"";"";"";"";"";"";"";"";""
"Bevolking aan het begin van de periode";"Werkendam";"aantal";"26371";"26353";"26423";"26405";"26387";"26452";"26527";"26844";"26979"
"Bevolking aan het begin van de periode";"Wervershoof";"aantal";"8780";"";"";"";"";"";"";"";""
"Bevolking aan het begin van de periode";"West Betuwe";"aantal";"";"";"";"";"";"";"";"";""
"Bevolking aan het begin van de periode";"West Maas en Waal";"aantal";"18413";"18301";"18325";"18410";"18419";"18570";"18693";"18820";"18891"
"Bevolking aan het begin van de periode";"Wester-Koggenland";"aantal";"";"";"";"";"";"";"";"";""
"Bevolking aan het begin van de periode";"Westerkwartier";"aantal";"";"";"";"";"";"";"";"";""
"Bevolking aan het begin van de periode";"Westerveld";"aantal";"19342";"19365";"19198";"19091";"18933";"19085";"18940";"19084";"19152"
"Bevolking aan het begin van de periode";"Westervoort";"aantal";"15237";"15336";"15294";"15199";"15138";"14992";"15001";"14991";"15015"
"Bevolking aan het begin van de periode";"Westerwolde";"aantal";"";"";"";"";"";"";"";"";"24684"
"Bevolking aan het begin van de periode";"Westland";"aantal";"99717";"99776";"101980";"102698";"103241";"104302";"104960";"105632";"107492"
"Bevolking aan het begin van de periode";"Weststellingwerf";"aantal";"25829";"25846";"25780";"25595";"25454";"25525";"25520";"25608";"25720"
"Bevolking aan het begin van de periode";"Westvoorne";"aantal";"14057";"13992";"13901";"13890";"13964";"14083";"14197";"14257";"14508"
"Bevolking aan het begin van de periode";"Wierden";"aantal";"23447";"23630";"23824";"23807";"23909";"23874";"23952";"24225";"24258"
"Bevolking aan het begin van de periode";"Wieringen";"aantal";"8644";"8619";"";"";"";"";"";"";""
"Bevolking aan het begin van de periode";"Wieringermeer";"aantal";"12580";"12576";"";"";"";"";"";"";""
"Bevolking aan het begin van de periode";"Wijchen";"aantal";"40148";"40507";"40734";"41004";"41043";"40886";"40814";"40876";"40847"
"Bevolking aan het begin van de periode";"Wijdemeren";"aantal";"23391";"23312";"23297";"23221";"23187";"23176";"23275";"23447";"23659"
"Bevolking aan het begin van de periode";"Wijk bij Duurstede";"aantal";"23157";"23115";"23064";"23035";"23043";"23222";"23384";"23502";"23678"
"Bevolking aan het begin van de periode";"Winschoten";"aantal";"";"";"";"";"";"";"";"";""
"Bevolking aan het begin van de periode";"Winsum";"aantal";"14073";"14054";"13987";"13906";"13850";"13774";"13633";"13596";"13560"
"Bevolking aan het begin van de periode";"Winterswijk";"aantal";"29051";"29026";"28946";"28967";"28881";"28977";"28939";"28912";"28987"
"Bevolking aan het begin van de periode";"Wisch";"aantal";"";"";"";"";"";"";"";"";""
"Bevolking aan het begin van de periode";"Woensdrecht";"aantal";"21635";"21682";"21675";"21648";"21621";"21644";"21682";"21837";"21800"
"Bevolking aan het begin van de periode";"Woerden";"aantal";"49334";"49748";"50052";"50346";"50577";"50631";"51161";"51513";"51758"
"Bevolking aan het begin van de periode";"Wognum";"aantal";"";"";"";"";"";"";"";"";""
"Bevolking aan het begin van de periode";"De Wolden";"aantal";"23576";"23637";"23753";"23761";"23583";"23661";"23722";"23744";"23917"
"Bevolking aan het begin van de periode";"Wormerland";"aantal";"15862";"15801";"15781";"15740";"15777";"15740";"15664";"15820";"15995"
"Bevolking aan het begin van de periode";"Woudenberg";"aantal";"11905";"12008";"12034";"12321";"12422";"12487";"12550";"12701";"13021"
"Bevolking aan het begin van de periode";"Woudrichem";"aantal";"14430";"14423";"14416";"14443";"14425";"14388";"14518";"14539";"14634"
"Bevolking aan het begin van de periode";"Wûnseradiel";"aantal";"11829";"";"";"";"";"";"";"";""
"Bevolking aan het begin van de periode";"Wymbritseradiel";"aantal";"16138";"";"";"";"";"";"";"";""
"Bevolking aan het begin van de periode";"Zaanstad";"aantal";"145332";"146940";"148281";"149622";"150598";"151418";"152466";"153679";"154865"
"Bevolking aan het begin van de periode";"Zaltbommel";"aantal";"26428";"26643";"26774";"26953";"27182";"27358";"27543";"27728";"28014"
"Bevolking aan het begin van de periode";"Zandvoort";"aantal";"16632";"16632";"16651";"16593";"16575";"16692";"16792";"16899";"16970"
"Bevolking aan het begin van de periode";"Zederik";"aantal";"13397";"13342";"13434";"13538";"13656";"13717";"13718";"13842";"14004"
"Bevolking aan het begin van de periode";"Zeevang";"aantal";"6307";"6350";"6344";"6317";"6341";"6306";"";"";""
"Bevolking aan het begin van de periode";"Zeewolde";"aantal";"20906";"21106";"21288";"21262";"21499";"21894";"22113";"22457";"22407"
"Bevolking aan het begin van de periode";"Zeist";"aantal";"60286";"60824";"61233";"61420";"61250";"61641";"62258";"62830";"63322"
"Bevolking aan het begin van de periode";"Zelhem";"aantal";"";"";"";"";"";"";"";"";""
"Bevolking aan het begin van de periode";"Zevenaar";"aantal";"31907";"32234";"32429";"32405";"32283";"32265";"32269";"32379";"43402"
"Bevolking aan het begin van de periode";"Zevenhuizen-Moerkapelle";"aantal";"";"";"";"";"";"";"";"";""
"Bevolking aan het begin van de periode";"Zijpe";"aantal";"11587";"11577";"11589";"";"";"";"";"";""
"Bevolking aan het begin van de periode";"Zoetermeer";"aantal";"121532";"121911";"122331";"123092";"123561";"124025";"124107";"124763";"124695"
"Bevolking aan het begin van de periode";"Zoeterwoude";"aantal";"8118";"8130";"8171";"8122";"8075";"8114";"8119";"8367";"8430"
"Bevolking aan het begin van de periode";"Zuidhorn";"aantal";"18568";"18631";"18681";"18699";"18775";"18733";"18794";"18859";"18917"
"Bevolking aan het begin van de periode";"Zuidplas";"aantal";"40410";"40521";"40673";"40779";"40892";"40771";"40937";"41468";"41882"
"Bevolking aan het begin van de periode";"Zundert";"aantal";"21025";"21163";"21221";"21241";"21399";"21363";"21488";"21657";"21525"
"Bevolking aan het begin van de periode";"Zutphen";"aantal";"46870";"47084";"47144";"47240";"47164";"46849";"46997";"47340";"47537"
"Bevolking aan het begin van de periode";"Zwartewaterland";"aantal";"21935";"22018";"22048";"22139";"22167";"22166";"22278";"22309";"22468"
"Bevolking aan het begin van de periode";"Zwijndrecht";"aantal";"44404";"44445";"44499";"44610";"44547";"44501";"44454";"44417";"44586"
"Bevolking aan het begin van de periode";"Zwolle";"aantal";"119030";"120355";"121527";"122562";"123159";"123861";"124896";"125548";"126116"
